source_ip,count
192.168.1.23,4778
192.168.1.38,4731
192.168.1.16,4714
192.168.1.48,4695
192.168.1.17,4682
192.168.1.36,4681
192.168.1.44,4677
192.168.1.45,4677
192.168.1.5,4670
192.168.1.28,4668
192.168.1.15,4664
192.168.1.13,4654
192.168.1.26,4650
192.168.1.21,4649
192.168.1.2,4648
192.168.1.18,4638
192.168.1.33,4636
192.168.1.22,4631
192.168.1.37,4631
192.168.1.40,4628
192.168.1.32,4623
192.168.1.30,4620
192.168.1.19,4616
192.168.1.39,4610
192.168.1.29,4609
192.168.1.10,4609
192.168.1.1,4607
192.168.1.11,4606
192.168.1.27,4599
192.168.1.9,4592
192.168.1.14,4585
192.168.1.41,4584
192.168.1.12,4572
192.168.1.3,4571
192.168.1.34,4567
192.168.1.20,4561
192.168.1.46,4559
192.168.1.4,4559
192.168.1.42,4547
192.168.1.31,4546
192.168.1.7,4545
192.168.1.49,4539
192.168.1.8,4537
192.168.1.25,4534
192.168.1.24,4526
192.168.1.47,4525
192.168.1.43,4472
192.168.1.35,4463
192.168.1.6,4456
